iphone,32937
tweet,9899
followers,9633
â˜¯gain,5916
apple,5300
twitter,3676
porn,2279
airplane,1705
#apple,1500
teen,1432
android,1305
plus,1169
#iphone,1101
coins,1086
iphonegames,967
iphone6,963
quest,933
gameinsight,826
phone,778
people,681
itunes,664
shots,664
film,582
tech,580
app,563
seo,543
rt,539
achievement,489
deals,448
post,439
brunette,438
video,428
users,404
release,398
ios,351
fuck,347
album,341
ebay,327
xxx,322
z,316
samsung,315
kim,308
ipad,282
galaxy,277
lesbian,264
battery,255
phones,250
u2,249
shit,248
xvideos,244
case,240
babe,236
clips,222
screen,222
cell,219
model,219
usb,218
milf,217
challenge,213
andriod,212
applelive,209
today,208
launch,207
5s,206
application,205
news,205
features,202
scrolls,201
busty,200
duckodile,199
nigga,192
hours,191
4s,189
anyone,188
report,187
home,185
game,182
announcement,181
things,180
-inch,168
giveawaylphone5,168
read,166
child,164
hardcore,161
music,160
,159
niggas,159
runtastic,159
castlez,157
bitch,156
clip,156
#mpoints,152
apps,152
iphoneteam,151
team,149
update,149
united,145
everyone,143
life,143
godaddy,136
